{
    "sad": [
        0.719624,
        0.534927,
        0.359802,
        0.708790,
        0.514729,
        0.290484
    ],
    "neutral": [
        0.233668,
        0.637704,
        0.645858,
        0.807014,
        0.556639,
        0.443224
    ],
    "happy": [
        0.092713,
        0.696724,
        0.763319,
        0.832048,
        0.564614,
        0.718930
    ]
}