{
    "0": {
        "low": [
            0.346,
            0.63325,
            0.509,
            0.7780132165,
            0.4329915175,
            0.52425
        ],
        "avg": [
            0.4552512315,
            0.7125032841,
            0.6091851396,
            0.8082187238,
            0.542255138,
            0.6457405583
        ],
        "high": [
            0.556,
            0.79975,
            0.71175,
            0.8522183115,
            0.6359013444,
            0.76
        ]
    },
    "1": {
        "low": [
            0.0184,
            0.6285,
            0.6745,
            0.8171359479,
            0.4633233227,
            0.612
        ],
        "avg": [
            0.0928407792,
            0.7052934379,
            0.7589054891,
            0.8410731713,
            0.5675129004,
            0.7190363186
        ],
        "high": [
            0.15,
            0.791,
            0.855,
            0.8740482689,
            0.6496508389,
            0.816
        ]
    },
    "2": {
        "low": [
            0.595,
            0.445,
            0.264,
            0.6812239621,
            0.3953902562,
            0.172
        ],
        "avg": [
            0.7199441277,
            0.5436076397,
            0.3593854746,
            0.7189142953,
            0.5090093567,
            0.2751594299
        ],
        "high": [
            0.857,
            0.656,
            0.461,
            0.7859024087,
            0.6055820335,
            0.361
        ]
    },
    "3": {
        "low": [
            0.0183,
            0.517,
            0.55025,
            0.7904874779,
            0.4540388643,
            0.243
        ],
        "avg": [
            0.1100169121,
            0.6151524042,
            0.6557510187,
            0.8179582613,
            0.5626517393,
            0.3345322779
        ],
        "high": [
            0.176,
            0.722,
            0.76,
            0.8523918977,
            0.6540670335,
            0.433
        ]
    }
}