{
    "0": {
        "low": [
            0.593,
            0.434,
            0.264,
            0.6734310767,
            0.3993793702,
            0.181
        ],
        "avg": [
            0.7196237406,
            0.5349267332,
            0.3598024101,
            0.7087895,
            0.5147294645,
            0.2904836459
        ],
        "high": [
            0.864,
            0.643,
            0.461,
            0.7785566618,
            0.6172086198,
            0.381
        ]
    },
    "1": {
        "low": [
            0.040825,
            0.53825,
            0.536,
            0.7787289404,
            0.4452871208,
            0.295
        ],
        "avg": [
            0.2336680826,
            0.6377043125,
            0.6458582571,
            0.8070141793,
            0.5566391877,
            0.4432242877
        ],
        "high": [
            0.384,
            0.748,
            0.753,
            0.845561153,
            0.6451187875,
            0.556
        ]
    },
    "2": {
        "low": [
            0.018,
            0.617,
            0.678,
            0.8072440178,
            0.4574214331,
            0.60925
        ],
        "avg": [
            0.0927126768,
            0.6967239227,
            0.7633193717,
            0.8320481707,
            0.5646138658,
            0.7189303262
        ],
        "high": [
            0.152,
            0.787,
            0.864,
            0.8661454744,
            0.6432219138,
            0.82
        ]
    }
}